Height (X1),BMI (X2),Tshirt Size(Y),Distance,Rank
148,23.5,S,9.055385138,3
152,22.5,S,5.385164807,1
163,27.5,L,6.708203932,2
145,30.6,S,13.46142637,4
168,38.6,L,17.88323237,6
172,27.4,L,15.27776162,5
157,24.5,,,
